Name,Listing_Date,Issue_Price,Listing_Price,LTP,Returns
Neetu Yoshi Ltd,2025-07-04,75.0,0.0,110.25,47.0
Adcounty Media India Ltd,2025-07-04,85.0,0.0,136.5,60.59
Indogulf Cropsciences Ltd,2025-07-03,111.0,111.0,109.0,-1.8
Pro FX Tech Ltd,2025-07-03,87.0,95.0,104.0,19.54
Moving Media Entertainment Ltd,2025-07-03,70.0,71.0,76.0,8.57
Valencia India Ltd,2025-07-03,110.0,88.0,79.45,-27.77
ACE Alpha Tech Ltd,2025-07-03,69.0,81.0,89.3,29.42
Suntech Infra Solutions Ltd,2025-07-02,86.0,109.1,100.0,16.28
Sambhv Steel Tubes Ltd,2025-07-02,82.0,110.1,101.83,24.18
Supertech EV Ltd,2025-07-02,92.0,73.6,63.11,-31.4
Rama Telecom Ltd,2025-07-02,68.0,72.0,61.75,-9.19
HDB Financial Services Ltd,2025-07-02,740.0,835.0,841.35,13.7
Kalpataru Ltd,2025-07-01,414.0,414.1,415.4,0.34
Shri Hare-Krishna Sponge Iron Ltd,2025-07-01,59.0,64.8,69.55,17.88
AJC Jewel Manufacturers Ltd,2025-07-01,95.0,99.0,91.25,-3.95
Globe Civil Projects Ltd,2025-07-01,71.0,91.1,80.97,14.04
Ellenbarrie Industrial Gases Ltd,2025-07-01,400.0,492.0,546.95,36.74
Icon Facilitators Ltd,2025-07-01,91.0,90.0,73.32,-19.43
Abram Food Ltd,2025-07-01,98.0,90.4,84.73,-13.54
Aakaar Medical Technologies Ltd,2025-06-27,72.0,75.0,62.75,-12.85
Mayasheel Ventures Ltd,2025-06-27,47.0,58.0,55.95,19.04
Safe Enterprises Retail Fixtures Ltd,2025-06-27,138.0,151.0,182.75,32.43
Arisinfra Solutions Ltd,2025-06-25,222.0,209.1,174.2,-21.53
Influx Healthtech Ltd,2025-06-25,96.0,132.5,131.0,36.46
Eppeltone Engineers Ltd,2025-06-24,128.0,243.2,232.9,81.95
Samay Project Services Ltd,2025-06-23,34.0,36.05,33.0,-2.94
Patil Automation Ltd,2025-06-23,120.0,155.0,204.25,70.21
Oswal Pumps Ltd,2025-06-20,614.0,632.0,693.0,12.87
Monolithisch India Ltd,2025-06-19,143.0,231.55,310.0,116.78
Jainik Power Cables Ltd,2025-06-17,110.0,82.0,66.9,-39.18
Sacheerome Ltd,2025-06-16,102.0,153.0,159.55,56.42
Ganga Bath Fittings Ltd,2025-06-11,49.0,59.0,29.8,-39.18
3B Films Ltd,2025-06-06,50.0,48.5,26.45,-47.1
Scoda Tubes Ltd,2025-06-04,140.0,140.0,202.52,44.66
N R Vandana Tex Industries Ltd,2025-06-04,45.0,45.0,39.0,-13.33
Neptune Petrochemicals Ltd,2025-06-04,122.0,132.75,143.65,17.75
Astonea Labs Ltd,2025-06-03,135.0,137.45,150.0,11.11
Prostarm Info Systems Ltd,2025-06-03,105.0,125.0,151.8,44.57
Nikita Papers Ltd,2025-06-03,104.0,90.0,90.1,-13.37
Blue Water Logistics Ltd,2025-06-03,135.0,141.0,158.7,17.56
Aegis Vopak Terminals Ltd,2025-06-02,235.0,220.0,238.11,1.32
Schloss Bangalore Ltd,2025-06-02,435.0,406.5,402.7,-7.43
Unified Data- Tech Solutions Ltd,2025-05-29,273.0,285.0,312.5,14.47
Belrise Industries Ltd,2025-05-28,90.0,98.5,102.88,14.31
Dar Credit & Capital Ltd,2025-05-28,60.0,65.15,59.75,-0.42
Borana Weaves Ltd,2025-05-27,216.0,243.0,221.77,2.67
Accretion Pharmaceuticals Ltd,2025-05-21,101.0,79.0,69.0,-31.68
Integrity Infrabuild Developers Ltd,2025-05-20,100.0,100.8,101.05,1.05
Virtual Galaxy Infotech Ltd,2025-05-19,142.0,180.0,164.2,15.63
Srigee DLM Ltd,2025-05-12,99.0,188.1,287.35,190.25
Manoj Jewellers Ltd,2025-05-12,54.0,53.95,52.99,-1.87
Kenrik Industries Ltd,2025-05-09,25.0,25.01,14.65,-41.4
Arunaya Organics Ltd,2025-05-07,58.0,30.1,26.6,-54.14
Ather Energy Ltd,2025-05-06,321.0,326.05,328.1,2.21
Iware Supplychain Services Ltd,2025-05-06,95.0,85.05,86.0,-9.47
Tankup Engineers Ltd,2025-04-30,140.0,175.0,324.0,131.43
Infonative Solutions Ltd,2025-04-08,79.0,63.2,32.71,-58.59
Spinaroo Commercial Ltd,2025-04-08,51.0,52.85,66.85,31.08
Retaggio Industries Ltd,2025-04-07,25.0,25.1,21.1,-15.6
Identixweb Ltd,2025-04-03,54.0,55.0,62.0,14.81
Shri Ahimsa Naturals Ltd,2025-04-02,119.0,140.0,148.1,24.45
ATC Energies System Ltd,2025-04-02,118.0,107.0,77.0,-34.75
Desco Infratech Ltd,2025-04-01,150.0,160.0,227.0,51.33
Active Infrastructure Ltd,2025-03-28,181.0,181.0,170.0,-6.08
Rapid Fleet Management Services Ltd,2025-03-28,192.0,195.0,191.5,-0.26
Grand Continent Hotels Ltd,2025-03-27,113.0,112.9,167.15,47.92
Paradeep Parivahan Ltd,2025-03-24,98.0,78.4,124.05,26.58
Divine Hira Jewellers Ltd,2025-03-24,90.0,90.0,54.9,-39.0
Super Iron Foundry Ltd,2025-03-19,108.0,107.95,35.23,-67.38
PDP Shipping & Projects Ltd,2025-03-18,135.0,108.25,76.75,-43.15
NAPS Global India Ltd,2025-03-11,90.0,108.0,42.34,-52.96
Balaji Phosphates Ltd,2025-03-07,70.0,75.0,145.5,107.86
Shreenath Paper Products Ltd,2025-03-05,44.0,35.2,25.5,-42.05
Nukleus Office Solutions Ltd,2025-03-04,234.0,187.2,166.4,-28.89
Beezaasan Explotech Ltd,2025-03-03,175.0,146.0,236.85,35.34
Swasth Foodtech India Ltd,2025-02-28,94.0,94.0,33.0,-64.89
HP Telecom India Ltd,2025-02-28,108.0,115.05,197.8,83.15
Royal Arc Electrodes Ltd,2025-02-24,120.0,120.0,140.0,16.67
Quality Power Electrical Equipments Ltd,2025-02-24,425.0,432.05,718.45,69.05
Tejas Cargo India Ltd,2025-02-24,168.0,175.0,212.0,26.19
L.K.Mehta Polymers Ltd,2025-02-21,71.0,71.1,51.3,-27.75
Shanmuga Hospital Ltd,2025-02-21,54.0,54.0,42.0,-22.22
Hexaware Technologies Ltd,2025-02-19,708.0,731.0,864.7,22.13
Maxvolt Energy Industries Ltd,2025-02-19,180.0,180.0,244.4,35.78
P S Raj Steels Ltd,2025-02-19,140.0,145.0,151.0,7.86
Voler Car Ltd,2025-02-19,90.0,90.0,92.5,2.78
Ajax Engineering Ltd,2025-02-17,629.0,593.0,657.85,4.59
Chandan Healthcare Ltd,2025-02-17,159.0,165.1,198.1,24.59
Eleganz Interiors Ltd,2025-02-14,130.0,122.0,128.0,-1.54
Readymix Construction Machinery Ltd,2025-02-13,123.0,123.0,115.0,-6.5
Solarium Green Energy Ltd,2025-02-13,191.0,202.0,447.35,134.21
Amwill Health Care Ltd,2025-02-12,111.0,88.85,70.5,-36.49
Ken Enterprises Ltd,2025-02-12,94.0,85.0,39.4,-58.09
Chamunda Electrical Ltd,2025-02-11,50.0,70.0,44.0,-12.0
Dr Agarwal`s Health Care Ltd,2025-02-04,402.0,396.9,418.15,4.02
Malpani Pipes & Fittings Ltd,2025-02-04,90.0,85.9,71.0,-21.11
GB Logistics Commerce Ltd,2025-01-31,102.0,81.6,53.9,-47.16
H.M. Electro Mech Ltd,2025-01-31,75.0,81.0,67.49,-10.01
CLN Energy Ltd,2025-01-30,250.0,256.0,550.0,120.0
Denta Water & Infra Solutions Ltd,2025-01-29,294.0,330.0,287.05,-2.36
Rexpro Enterprises Ltd,2025-01-29,145.0,117.0,84.6,-41.66
CapitalNumbers Infotech Ltd,2025-01-27,263.0,274.0,141.0,-46.39
EMA Partners India Ltd,2025-01-24,124.0,156.5,99.0,-20.16
Landmark Immigration Consultants Ltd,2025-01-23,72.0,75.0,64.5,-10.42
Stallion India Fluorochemicals Ltd,2025-01-23,90.0,120.0,86.7,-3.67
Kabra Jewels Ltd,2025-01-22,128.0,243.2,116.0,-9.38
Rikhav Securities Ltd,2025-01-22,86.0,163.4,61.0,-29.07
Barflex Polyfilms Ltd,2025-01-20,60.0,60.0,65.0,8.33
Laxmi Dental Ltd,2025-01-20,428.0,528.0,435.5,1.75
Capital Infra Trust,2025-01-17,99.0,99.0,78.04,-21.17
Sat Kartar Shopping Ltd,2025-01-17,81.0,153.9,185.1,128.52
Avax Apparels and Ornaments Ltd,2025-01-14,70.0,133.0,132.75,89.64
Delta Autocorp Ltd,2025-01-14,130.0,175.0,70.0,-46.15
B.R.Goyal Infrastructure Ltd,2025-01-14,135.0,135.75,121.5,-10.0
Quadrant Future Tek Ltd,2025-01-14,290.0,374.0,468.05,61.4
Indobell Insulations Ltd,2025-01-13,46.0,87.4,117.55,155.54
Standard Glass Lining Technology Ltd,2025-01-13,140.0,176.0,169.55,21.11
Fabtech Technologies Cleanrooms Ltd,2025-01-10,85.0,161.5,386.1,354.24
Parmeshwar Metal Ltd,2025-01-09,61.0,84.5,63.0,3.28
Davin Sons Retail Ltd,2025-01-09,55.0,44.0,22.1,-59.82
Leo Dryfruits & Spices Trading Ltd,2025-01-08,52.0,68.0,76.51,47.13
Technichem Organics Ltd,2025-01-07,55.0,57.25,45.15,-17.91
Indo Farm Equipment Ltd,2025-01-07,215.0,258.4,174.62,-18.78
Citichem India Ltd,2025-01-03,70.0,70.0,25.97,-62.9
Anya Polytech & Fertilizers Ltd,2025-01-02,14.0,17.1,26.85,91.79
Unimech Aerospace and Manufacturing Ltd,2024-12-31,785.0,1491.0,1303.0,65.99
Carraro India Ltd,2024-12-30,704.0,660.0,455.1,-35.36
Ventive Hospitality Ltd,2024-12-30,643.0,718.15,754.1,17.28
Senores Pharmaceuticals Ltd,2024-12-30,391.0,593.7,570.25,45.84
Mamata Machinery Ltd,2024-12-27,243.0,600.0,410.7,69.01
Sanathan Textiles Ltd,2024-12-27,321.0,419.1,493.65,53.79
Newmalayalam Steel Ltd,2024-12-27,90.0,90.0,28.65,-68.17
Transrail Lighting Ltd,2024-12-27,432.0,585.15,736.1,70.39
Dam Capital Advisors Ltd,2024-12-27,283.0,392.9,256.05,-9.52
Concord Enviro Systems Ltd,2024-12-27,701.0,832.0,567.7,-19.02
Identical Brains Studios Ltd,2024-12-26,54.0,95.0,42.5,-21.3
Nacdac Infrastructure Ltd,2024-12-24,35.0,66.5,40.83,16.66
International Gemmological Institute (India) Ltd,2024-12-20,417.0,504.85,381.0,-8.63
Hamps Bio Limited,2024-12-20,51.0,96.9,38.86,-23.8
Yash Highvoltage Ltd,2024-12-19,146.0,277.4,383.5,162.67
Inventurus Knowledge Solutions Ltd,2024-12-19,1329.0,1856.0,1599.9,20.38
Purple United Sales Ltd,2024-12-18,126.0,199.0,357.0,183.33
Sai Life Sciences Ltd,2024-12-18,549.0,660.0,790.75,44.03
Vishal Mega Mart Ltd,2024-12-18,78.0,110.0,128.95,65.32
Supreme Facility Management Ltd,2024-12-18,76.0,75.0,32.25,-57.57
One Mobikwik Systems Ltd,2024-12-18,279.0,442.25,248.14,-11.06
Toss The Coin Ltd,2024-12-17,182.0,345.8,390.05,114.31
Jungle Camps India Ltd,2024-12-17,72.0,136.8,57.1,-20.69
Dhanlaxmi Crop Science Ltd,2024-12-16,55.0,104.5,49.2,-10.55
Emerald Tyre Manufacturers Ltd,2024-12-12,95.0,180.5,120.0,26.32
Nisus Finance Services Co Ltd,2024-12-11,180.0,225.0,291.4,61.89
Property Share Investment Trust- Propshare Platina,2024-12-10,1050000.0,1050000.0,993000.0,-5.43
Suraksha Diagnostic Ltd,2024-12-06,441.0,437.0,320.25,-27.38
Ganesh Infraworld Ltd,2024-12-06,83.0,157.7,158.0,90.36
Agarwal Toughened Glass India Ltd,2024-12-05,108.0,135.0,120.0,11.11
Apex Ecotech Ltd,2024-12-04,73.0,138.7,123.05,68.56
Abha Power and Steel Ltd,2024-12-04,75.0,81.9,31.45,-58.07
C2C Advanced Systems Ltd,2024-12-03,226.0,429.4,628.2,177.96
Rajputana Biodiesel Ltd,2024-12-03,130.0,247.0,229.5,76.54
Rajesh Power Services Ltd,2024-12-02,335.0,636.5,1348.0,302.39
Enviro Infra Engineers Ltd,2024-11-29,148.0,218.0,231.74,56.58
Lamosaic India Ltd,2024-11-29,200.0,164.0,38.1,-80.95
NTPC Green Energy Ltd,2024-11-27,108.0,111.6,106.52,-1.37
Onyx Biotec Ltd,2024-11-22,61.0,54.05,48.5,-20.49
Zinka Logistics Solutions Ltd,2024-11-22,273.0,279.05,434.5,59.16
Mangal Compusolution Ltd,2024-11-21,45.0,45.0,45.21,0.47
Neelam Linens and Garments (India) Ltd,2024-11-18,24.0,40.05,25.0,4.17
Niva Bupa Health Insurance Company Ltd,2024-11-14,74.0,78.5,85.54,15.59
Swiggy Ltd,2024-11-13,390.0,412.0,384.55,-1.4
ACME Solar Holdings Ltd,2024-11-13,289.0,259.0,249.57,-13.64
Sagility India Ltd,2024-11-12,30.0,31.06,42.11,40.37
Afcons Infrastructure Ltd,2024-11-04,463.0,430.05,428.35,-7.48
Usha Financial Services Ltd,2024-10-31,168.0,164.0,79.5,-52.68
Godavari Biorefineries Ltd,2024-10-30,352.0,310.55,256.75,-27.06
United Heat Transfer Ltd,2024-10-29,59.0,60.95,71.6,21.36
Danish Power Ltd,2024-10-29,380.0,570.0,1076.0,183.16
OBSC Perfection Ltd,2024-10-29,100.0,110.0,304.9,204.9
Waaree Energies Ltd,2024-10-28,1503.0,2550.0,2966.1,97.35
Premium Plast Ltd,2024-10-28,49.0,51.45,35.0,-28.57
Deepak Builders & Engineers India Ltd,2024-10-28,203.0,198.5,139.5,-31.28
Freshara Agro Exports Ltd,2024-10-24,116.0,135.0,172.0,48.28
Lakshya Powertech Ltd,2024-10-23,180.0,342.0,142.05,-21.08
Hyundai Motor India Ltd,2024-10-22,1960.0,1931.0,2065.3,5.37
Pranik Logistics Ltd,2024-10-17,77.0,79.0,84.75,10.06
Garuda Construction and Engineering Ltd,2024-10-15,95.0,103.2,121.39,27.78
Shiv Texchem Ltd,2024-10-15,166.0,239.0,261.0,57.23
Khyati Global Ventures Ltd,2024-10-11,99.0,105.0,65.25,-34.09
Neopolitan Pizza and Foods Ltd,2024-10-09,20.0,19.25,12.9,-35.5
Subam Papers Ltd,2024-10-08,152.0,142.0,86.25,-43.26
Paramount Dye Tec Ltd,2024-10-08,117.0,109.9,62.95,-46.2
HVAX Technologies Ltd,2024-10-07,458.0,486.0,1009.95,120.51
Saj Hotels Ltd,2024-10-07,65.0,55.0,66.0,1.54
Nexxus Petro Industries Ltd,2024-10-04,105.0,126.0,106.0,0.95
Sahasra Electronic Solutions Ltd,2024-10-04,283.0,537.7,292.1,3.22
Divyadhan Recycling Industries Ltd,2024-10-04,64.0,84.0,50.55,-21.02
Forge Auto International Ltd,2024-10-04,108.0,113.0,91.95,-14.86
Diffusion Engineers Ltd,2024-10-04,168.0,188.0,303.35,80.57
Thinking Hats Entertainment Solutions Ltd,2024-10-03,44.0,60.0,28.8,-34.55
Unilex Colour & Chemical Ltd,2024-10-03,87.0,89.0,42.65,-50.98
KRN Heat Exchanger and Refrigeration Ltd,2024-10-03,220.0,470.0,814.5,270.23
Techera Engineering India Ltd,2024-10-03,82.0,125.0,205.1,150.12
Rappid Valves India Ltd,2024-09-30,222.0,312.0,276.5,24.55
Manba Finance Ltd,2024-09-30,120.0,150.0,142.47,18.73
WOL 3D India Ltd,2024-09-30,150.0,180.05,127.95,-14.7
Bikewo Green Tech Ltd,2024-09-27,62.0,45.0,20.6,-66.77
Avi Ansh Textile Ltd,2024-09-27,62.0,68.0,101.95,64.44
S D Retail Ltd,2024-09-27,131.0,145.0,,
Innova Captab Ltd,2023-12-29,448.0,456.1,863.45,92.73
Supreme Power Equipment Ltd,2023-12-29,65.0,98.0,225.1,246.31
Indifra Ltd,2023-12-29,65.0,72.0,21.1,-67.54
Trident Techlabs Ltd,2023-12-29,35.0,98.15,517.7,1379.14
Azad Engineering Ltd,2023-12-28,524.0,710.0,1642.4,213.44
Credo Brands Marketing Ltd,2023-12-27,280.0,282.0,165.92,-40.74
Happy Forgings Ltd,2023-12-27,850.0,1001.25,973.05,14.48
Electro Force (India) Ltd,2023-12-27,93.0,100.0,50.85,-45.32
RBZ Jewellers Ltd,2023-12-27,100.0,100.0,143.69,43.69
Shanti Spintex Ltd,2023-12-27,70.0,76.0,69.5,-0.71
Sahara Maritime Ltd,2023-12-26,81.0,81.0,40.81,-49.62
Muthoot Microfin Ltd,2023-12-26,291.0,278.0,151.4,-47.97
Suraj Estate Developers Ltd,2023-12-26,360.0,343.8,343.25,-4.65
Motisons Jewellers Ltd,2023-12-26,55.0,103.9,21.28,-61.31
Inox India Ltd,2023-12-21,660.0,933.15,1251.1,89.56
Shree OSFM E-Mobility Ltd,2023-12-21,65.0,65.0,107.0,64.62
Benchmark Computer Solutions Ltd,2023-12-21,66.0,80.0,27.0,-59.09
Siyaram Recycling Industries Ltd,2023-12-21,46.0,55.0,138.7,201.52
Doms Industries Ltd,2023-12-20,790.0,1400.0,2459.3,211.3
India Shelter Finance Corporation Ltd,2023-12-20,493.0,612.7,877.75,78.04
S J Logistics (India) Ltd,2023-12-19,125.0,175.0,467.55,274.04
Presstonic Engineering Ltd,2023-12-18,72.0,140.0,94.6,31.39
Accent Microcell Ltd,2023-12-15,140.0,300.0,271.0,93.57
Graphisads Ltd,2023-12-13,111.0,111.5,40.9,-63.15
Sheetal Universal Ltd,2023-12-11,70.0,75.0,126.75,81.07
Net Avenue Technologies Ltd,2023-12-08,18.0,42.0,8.0,-55.56
Amic Forging Ltd,2023-12-06,126.0,239.4,1660.0,1217.46
Deepak Chemtex Ltd,2023-12-06,80.0,152.0,155.0,93.75
Swashthik Plascon Ltd,2023-12-05,86.0,120.1,40.49,-52.92
Flair Writing Industries Ltd,2023-12-01,304.0,503.0,269.95,-11.2
Tata Technologies Ltd,2023-11-30,500.0,1199.95,705.7,41.14
Rockingdeals Circular Economy Ltd,2023-11-30,140.0,300.0,186.0,32.86
Gandhar Oil Refinery (India) Ltd,2023-11-30,169.0,295.4,173.59,2.72
Fedbank Financial Services Ltd,2023-11-30,140.0,137.75,117.73,-15.91
Indian Renewable Energy Development Agency Ltd,2023-11-29,32.0,50.0,165.99,418.72
Arrowhead Seperation Engineering Ltd,2023-11-28,233.0,250.0,71.51,-69.31
Sunrest Lifescience Ltd,2023-11-20,84.0,84.0,52.0,-38.1
Kalyani Cast-Tech Ltd,2023-11-17,139.0,264.1,531.6,282.45
ROX Hi-Tech Ltd,2023-11-16,83.0,135.0,46.5,-43.98
Baba Food Processing India Ltd,2023-11-15,76.0,76.0,38.7,-49.08
ASK Automotive Ltd,2023-11-15,282.0,304.9,520.5,84.57
Protean eGov Technologies Ltd,2023-11-13,792.0,792.0,843.65,6.52
ESAF Small Finance Bank Ltd,2023-11-10,60.0,71.9,34.4,-42.67
Micropro Software Solutions Ltd,2023-11-10,81.0,80.0,23.75,-70.68
Maitreya Medicare Ltd,2023-11-07,82.0,162.55,265.0,223.17
Honasa Consumer Ltd,2023-11-07,324.0,324.0,296.3,-8.55
Mish Designs Ltd,2023-11-07,122.0,160.0,60.0,-50.82
KK Shah Hospitals Ltd,2023-11-06,45.0,56.1,42.99,-4.47
Transteel Seating Technologies Ltd,2023-11-06,70.0,88.9,131.25,87.5
Cello World Ltd,2023-11-06,648.0,831.0,646.5,-0.23
Vrundavan Plantation Ltd,2023-11-06,108.0,107.0,52.9,-51.02
Paragon Fine and Speciality Chemical Ltd,2023-11-03,100.0,225.0,67.0,-33.0
Shanthala FMCG Products Ltd,2023-11-03,91.0,108.0,29.05,-68.08
Blue Jet Healthcare Ltd,2023-11-01,346.0,359.9,881.3,154.71
On Door Concepts Ltd,2023-11-01,208.0,214.0,146.0,-29.81
Rajgor Castor Derivatives Ltd,2023-10-31,50.0,59.0,21.4,-57.2
Womancart Ltd,2023-10-27,86.0,117.0,226.0,162.79
IRM Energy Ltd,2023-10-26,505.0,479.0,312.0,-38.22
Arvind Port & Infra Ltd,2023-10-25,45.0,80.0,65.8,46.22
Committed Cargo Care Ltd,2023-10-18,77.0,82.0,234.65,204.74
Plada Infotech Services Ltd,2023-10-13,48.0,59.0,18.0,-62.5
Plaza Wires Ltd,2023-10-12,54.0,84.0,61.21,13.35
Sharp Chucks and Machines Ltd,2023-10-12,58.0,66.0,79.0,36.21
Karnika Industries Ltd,2023-10-12,76.0,81.0,640.0,742.11
Vivaa Tradecom Ltd,2023-10-12,51.0,40.8,49.75,-2.45
Sunita Tools Ltd,2023-10-11,145.0,155.0,822.4,467.17
Canarys Automations Ltd,2023-10-11,31.0,43.45,32.7,5.48
Goyal Salt Ltd,2023-10-11,38.0,130.0,154.5,306.58
OneClick Logistics India Ltd,2023-10-11,99.0,140.0,205.0,107.07
City Crops Agro Ltd,2023-10-10,25.0,25.5,19.0,-24.0
Kontor Space Ltd,2023-10-10,93.0,122.0,81.0,-12.9
Vishnusurya Projects and Infra Ltd,2023-10-10,68.0,73.0,173.5,155.15
Arabian Petroleum Ltd,2023-10-09,70.0,77.4,83.85,19.79
E Factor Experiences Ltd,2023-10-09,75.0,115.0,232.5,210.0
Valiant Laboratories Ltd,2023-10-06,140.0,161.0,117.25,-16.25
Vinyas Innovative Technologies Ltd,2023-10-06,165.0,330.0,1255.65,661.0
Organic Recycling Systems Ltd,2023-10-06,200.0,215.0,315.0,57.5
Inspire Films Ltd,2023-10-05,59.0,67.0,20.0,-66.1
Newjaisa Technologies Ltd,2023-10-05,47.0,71.0,36.0,-23.4
Updater Services Ltd,2023-10-04,300.0,299.9,289.0,-3.67
Mangalam Alloys Ltd,2023-10-04,80.0,80.0,75.85,-5.19
Digikore Studios Ltd,2023-10-04,171.0,270.0,184.0,7.6
Manoj Vaibhav Gems `N` Jewellers Ltd,2023-10-03,215.0,215.0,222.45,3.47
Saakshi Medtech & Panels Ltd,2023-10-03,97.0,146.0,207.2,113.61
JSW Infrastructure Ltd,2023-10-03,119.0,143.0,304.75,156.09
Master Components Ltd,2023-09-29,140.0,140.4,358.0,
Elin Electronics Ltd,2022-12-30,247.0,243.0,176.35,-28.6
Moxsh Overseas Educon Ltd,2022-12-30,153.0,131.0,32.05,-79.05
KFin Technologies Ltd,2022-12-29,366.0,369.0,1288.9,252.16
Uma Converter Ltd,2022-12-29,33.0,34.25,26.25,-20.45
Arihant Academy Ltd,2022-12-29,90.0,120.1,275.0,205.56
Landmark Cars Ltd,2022-12-23,506.0,471.3,522.9,3.34
Droneacharya Aerial Innovations Ltd,2022-12-23,54.0,102.0,90.55,67.69
Abans Financial Services Ltd,2022-12-23,270.0,270.0,252.29,-6.56
Sula Vineyards Ltd,2022-12-22,357.0,358.0,303.9,-14.87
All E Technologies Ltd,2022-12-21,90.0,125.0,372.5,313.89
PNGS Gargi Fashion Jewellery Ltd,2022-12-20,30.0,57.0,899.9,2899.67
Arham Technologies Ltd,2022-12-15,42.0,60.0,89.75,113.69
Uniparts India Ltd,2022-12-12,577.0,575.0,415.8,-27.94
Dharmaj Crop Guard Ltd,2022-12-08,237.0,266.0,324.0,36.71
Pritika Engineering Components Ltd,2022-12-08,29.0,42.2,85.0,193.1
Baheti Recycling Industries Ltd,2022-12-08,45.0,120.0,611.05,1257.89
Ambo Agritec Ltd,2022-12-02,30.0,40.1,90.0,200.0
Keystone Realtors Ltd,2022-11-24,541.0,555.0,626.05,15.72
Inox Green Energy Services Ltd,2022-11-23,65.0,60.5,153.96,136.86
Kaynes Technology India Ltd,2022-11-22,587.0,775.0,6144.0,946.68
Archean Chemical Industries Ltd,2022-11-21,407.0,449.0,637.95,56.74
Five-Star Business Finance Ltd,2022-11-21,474.0,449.95,772.6,63.0
Technopack Polymers Ltd,2022-11-16,55.0,74.0,23.09,-58.02
Amiable Logistics India Ltd,2022-11-16,81.0,129.95,75.9,-6.3
Global Health Ltd,2022-11-16,336.0,398.15,1176.5,250.15
Bikaji Foods International Ltd,2022-11-16,300.0,321.15,731.5,143.83
Fusion Finance Ltd,2022-11-15,368.0,360.5,192.88,-47.59
Vital Chemtech Ltd,2022-11-14,101.0,164.0,63.3,-37.33
DAPS Advertising Ltd,2022-11-14,30.0,57.0,24.6,-18.0
DCX Systems Ltd,2022-11-11,207.0,286.25,286.05,38.19
Integrated Personnel Services Ltd,2022-11-11,59.0,66.5,273.95,364.32
Phantom Digital Effects Ltd,2022-10-21,95.0,300.0,311.05,227.42
Pace E-Commerce Ventures Ltd,2022-10-20,103.0,104.5,23.7,-76.99
Tracxn Technologies Ltd,2022-10-20,80.0,83.0,57.87,-27.66
Electronics Mart India Ltd,2022-10-17,59.0,89.4,144.08,144.2
Frog Cellsat Ltd,2022-10-13,102.0,177.0,240.0,135.29
Maagh Advertising & Marketing Services Ltd,2022-10-13,60.0,62.3,25.42,-57.63
Swastik Pipe Ltd,2022-10-12,100.0,66.0,33.3,-66.7
Vedant Asset Ltd,2022-10-12,40.0,65.0,50.0,25.0
Lloyds Luxuries Ltd,2022-10-11,40.0,45.15,100.0,150.0
QMS Medical Allied Services Ltd,2022-10-11,121.0,128.0,78.0,-35.54
Insolation Energy Ltd,2022-10-10,38.0,76.1,262.8,591.58
Silicon Rental Solutions Ltd,2022-10-10,78.0,80.0,192.0,146.15
Trident Lifeline Ltd,2022-10-10,101.0,105.0,270.0,167.33
Cargotrans Maritime Ltd,2022-10-10,45.0,70.0,96.0,113.33
Reetech International Ltd,2022-10-10,105.0,82.0,39.12,-62.74
Cargosol Logistics Ltd,2022-10-10,28.0,42.4,18.82,-32.79
Steelman Telecom Ltd,2022-10-10,96.0,161.0,139.8,45.63
Cyber Media Research & Services Ltd,2022-10-10,180.0,245.25,85.3,-52.61
Concord Control Systems Ltd,2022-10-10,55.0,109.95,1725.0,3036.36
Mafia Trends Ltd,2022-10-06,28.0,32.65,12.8,-54.29
Containe Technologies Ltd,2022-09-30,15.0,22.0,44.95,199.67
Maks Energy Solutions India Ltd,2022-09-28,20.0,20.0,34.5,72.5
Kandarp Digi Smart BPO Ltd,2022-09-28,30.0,30.0,84.5,181.67
Annapurna Swadisht Ltd,2022-09-27,70.0,120.0,276.05,294.36
Harsha Engineers International Ltd,2022-09-26,330.0,444.0,405.75,22.95
Tapi Fruit Processing Ltd,2022-09-22,48.0,52.1,72.85,51.77
Ishan International Ltd,2022-09-22,80.0,82.0,1.0,-98.75
Sabar Flex India Ltd,2022-09-21,11.0,21.0,5.35,-51.36
Shantidoot Infra Services Ltd,2022-09-19,81.0,105.0,215.75,166.36
Mega Flex Plastics Ltd,2022-09-19,40.0,54.0,54.55,36.38
Viviana Power Tech Ltd,2022-09-16,55.0,90.0,1157.0,2003.64
Virtuoso Optoelectronics Ltd,2022-09-15,56.0,117.0,497.1,787.68
Tamilnad Mercantile Bank Ltd,2022-09-15,510.0,510.0,446.1,-12.53
EP Biocomposites Ltd,2022-09-13,126.0,160.25,110.0,-12.7
Ameya Precision Engineers Ltd,2022-09-08,34.0,68.4,113.0,232.35
Jay Jalaram Technologies Ltd,2022-09-08,36.0,50.0,134.45,273.47
JFL Life Sciences Ltd,2022-09-08,61.0,70.0,16.0,-73.77
Dreamfolks Services Ltd,2022-09-06,326.0,505.0,187.95,-42.35
Rhetan TMT Ltd,2022-09-05,70.0,70.0,19.02,-72.83
Naturo Indiabull Ltd,2022-09-02,30.0,25.0,4.04,-86.53
Olatech Solutions Ltd,2022-08-29,27.0,51.3,218.0,707.41
Syrma SGS Technology Ltd,2022-08-26,220.0,262.0,608.05,176.39
Veekayem Fashion & Apparels Ltd,2022-08-22,28.0,49.9,230.4,722.86
Upsurge Seeds of Agriculture Ltd,2022-08-11,120.0,140.0,170.0,41.67
Agni Green Power Ltd.,2022-08-01,10.0,25.0,27.9,179.0
Healthy Life Agritec Ltd,2022-07-26,10.0,8.9,68.88,588.8
Veerkrupa Jewellers Ltd,2022-07-18,27.0,27.0,0.95,-96.48
SKP Bearing Industries Ltd,2022-07-13,70.0,73.0,220.0,214.29
B-Right RealEstate Ltd,2022-07-13,153.0,155.0,347.0,126.8
Jayant Infratech Ltd,2022-07-13,67.0,76.0,86.55,29.18
Kesar India Ltd,2022-07-12,170.0,172.5,619.0,264.12
